{
    "Model": "VisFin_v6_nodrop00002lr.h5",
    "Total tests": 99368,
    "Exact match": 34920,
    "Matched by second highest": 20650,
    "Match gain or loss": 22902,
    "Exact match rate": 0.3514209805973754,
    "Gain/Loss match rate": 0.5818975927864101,
    "Random match rate": 0.1567,
    "Random direction match rate": 0.3467,
    "Random match test params": "Matches (1567)/N(10000)"
}