{
  "Model": "VisFin_v6_nodrop00007lr",
  "Total tests": 99368,
  "Exact match": 39132,
  "Matched by second highest": 20375,
  "Match gain or loss": 11179,
  "Exact match rate": 0.39380887207149184,
  "Gain/Loss match rate": 0.5063098784316883,
  "Random match rate": 0.1566,
  "Random direction match rate": 0.2841,
  "Random match test params": "Matches (1566)/N(10000)"
}